id,uuid,type,code,published,is_flagged,has_alert,metatag,internal_user,Meilleur prix vente,Quantité meilleur prix vente,Meilleur prix achat,Quantité meilleur prix achat,Capitalisation,Prix clôture,Cours ajusté,field_cours_cloture,Cours courant,Quantité échangée,Volume échangé,field_date_application,Différence,field_dynamic_reference_price,Statut,Plus haut,field_instrument_var_year,field_last_traded_price,field_last_traded_time,field_last_transactions,Plus bas,field_market_id,Ouverture,field_pto,field_ratio_ajustement,field_ratio_consolide,Prix référence,field_symbol,Nombre transactions,field_transact_time,field_var_pto,Variation %,Nom,Symbole,Secteur,redirect_alias
17896650,8eec4166-eae8-47c8-9183-f050e86a57f3,market_watch,AADHA-690e099fb9a74,1,[],False,[],[],[],[],[],[],5628892500.0000000000,37.1000000000,39.7100000000,-,39.7100000000,[],[],2025-11-07T15:39:27,0.0000000000,39.7100000000,-,[],-,[],[],-,[],59,[],[],1.00,1.00,39.7100000000,526,[],2025-11-07T15:39:27,[],0.0000000000,DA ADH 1/1 2008,AADHA,Participation et promotion immobilières,/fr/live-market/instruments/AADHA
17894608,d7e96dec-de5b-4f74-88ea-cf82072ee38e,market_watch,AATHA-690e049ff2175,1,[],False,[],[],[],[],[],[],566400000.0000000000,179.8000000000,160.0000000000,-,160.0000000000,[],[],2025-11-07T15:30:37,0.0000000000,160.0000000000,-,[],-,[],[],-,[],59,[],[],1.00,1.00,160.0000000000,453,[],2025-11-07T15:30:37,[],0.0000000000,DA ATH 1/3 1999,AATHA,Distributeurs,/fr/live-market/instruments/AATHA
17894611,b52c2d87-67d3-4843-9916-c9bc838e6e01,market_watch,AATHB-690e04a0d10f9,1,[],False,[],[],[],[],[],[],2265364000.0000000000,107.9000000000,95.9900000000,-,95.9900000000,[],[],2025-11-07T15:30:37,0.0000000000,95.9900000000,-,[],-,[],[],-,[],59,[],[],1.00,1.00,95.9900000000,454,[],2025-11-07T15:30:37,[],0.0000000000,DA ATH 1/1 2008,AATHB,Distributeurs,/fr/live-market/instruments/AATHB
17894924,83989a81-9346-41eb-ba3f-02cabd03baed,market_watch,ABCIA-690e050bdd725,1,[],False,[],[],[],[],[],[],180014817.0000000000,113.0000000000,108.6000000000,-,108.6000000000,[],[],2025-11-07T15:31:24,0.0000000000,108.6000000000,-,[],-,[],[],-,[],59,[],[],1.00,1.00,108.6000000000,477,[],2025-11-07T15:31:24,[],0.0000000000,DA BCI 1/5 2006,ABCIA,Banques,/fr/live-market/instruments/ABCIA
17895837,fe8efcc4-e11b-4c2b-b0b5-f889d5cba5ba,market_watch,ABOAA-690e06db3e879,1,[],False,[],[],[],[],[],[],1918285138.8000000000,65.5500000000,67.1400000000,-,67.1400000000,[],[],2025-11-07T15:33:21,0.0000000000,67.1400000000,-,[],-,[],[],-,[],59,[],[],1.00,1.00,67.1400000000,375,[],2025-11-07T15:33:21,[],0.0000000000,DA BOA 2/7 1996,ABOAA,Banques,/fr/live-market/instruments/ABOAA
17895839,8a0d51ec-cdf7-4bb6-84e1-d77a6a01e8da,market_watch,ABOAB-690e06dd0efcc,1,[],False,[],[],[],[],[],[],339150590.0000000000,22.9500000000,23.5000000000,-,23.5000000000,[],[],2025-11-07T15:33:21,0.0000000000,23.5000000000,-,[],-,[],[],-,[],59,[],[],1.00,1.00,23.5000000000,376,[],2025-11-07T15:33:21,[],0.0000000000,DA BOA 1/10 2000,ABOAB,Banques,/fr/live-market/instruments/ABOAB
17895842,8d72601c-6900-47dc-906d-f543c21f352d,market_watch,ABOAF-690e06ded49f3,1,[],False,[],[],[],[],4.0100000000,4783.0000000000,1055195168.3700000000,5.3800000000,4.8900000000,-,4.8900000000,[],[],2025-11-07T15:33:21,0.0000000000,4.8900000000,-,[],-,[],[],-,[],59,[],[],1.00,1.00,4.8900000000,17466238,[],2025-11-07T15:33:21,[],0.0000000000,DA BOA 1/48 2025,ABOAF,Banques,/fr/live-market/instruments/ABOAF
17890583,10f4b141-6836-4034-aa38-f6224e9306ae,market_watch,ACRSA-690dfc5f3fe4c,1,[],False,[],[],[],[],[],[],30264000.0000000000,3.6100000000,7.7600000000,-,7.7600000000,[],[],2025-11-07T15:04:12,0.0000000000,7.7600000000,-,[],-,[],[],-,[],59,[],[],1.00,1.00,7.7600000000,522,[],2025-11-07T15:04:12,[],0.0000000000,DA CRS 1/5 2007,ACRSA,Agroalimentaire et Production,/fr/live-market/instruments/ACRSA
17896946,4cfdbfbc-55e5-473b-b2ba-e0d1bd082781,market_watch,ADH-690e0b329659d,1,[],True,[],[],39.9600000000,1990.0000000000,39.6500000000,100.0000000000,15985310296.3400000000,39.7100000000,39.7100000000,-,39.7100000000,181550.0000000000,7226824.1000000000,2025-11-07T16:00:45,-0.4300000000,39.7100000000,-,40.2400000000,-,39.7100000000,2025-11-07T15:39:27,-,39.7100000000,59,40.2400000000,39.7100000000,1.00,1.00,40.1400000000,525,115,2025-11-07T16:00:45,-1.0712506228,-1.0712506228,DOUJA PROM ADDOHA,ADH,Participation et promotion immobilières,/fr/live-market/instruments/ADH
17896947,e0efc212-19eb-4fab-b993-c14c1fc88534,market_watch,ADI-690e0b3354725,1,[],True,[],[],622.6000000000,115.0000000000,612.0000000000,10.0000000000,13646775242.8000000000,618.1000000000,618.1000000000,-,618.1000000000,78488.0000000000,48718480.4000000000,2025-11-07T16:00:45,14.9000000000,618.1000000000,-,627.5000000000,-,618.1000000000,2025-11-07T15:39:57,-,605.0000000000,59,610.0000000000,618.1000000000,1.00,1.00,603.2000000000,379,569,2025-11-07T16:00:45,2.4701591512,2.4701591512,ALLIANCES,ADI,Participation et promotion immobilières,/fr/live-market/instruments/ADI
17865961,93ada9af-8da0-493a-b063-095da1795585,market_watch,ADISA-690da9310a14a,1,[],False,[],[],[],[],[],[],726484.5000000000,[],5.2500000000,-,5.2500000000,[],[],2025-11-07T08:10:00,0.0000000000,5.2500000000,-,[],-,[],[],-,[],59,[],[],1.00,1.00,5.2500000000,467,[],2025-11-07T08:10:00,[],0.0000000000,DA DIS 1/5 1999,ADISA,Sociétés de financement et Autres Activités Financières,/fr/live-market/instruments/ADISA
17890399,cfebaf8c-683c-4d69-9217-ba7536fb15ff,market_watch,ADRIA-690dfbaba5891,1,[],False,[],[],[],[],[],[],108500000.0000000000,172.8000000000,400.0000000000,-,400.0000000000,[],[],2025-11-07T15:01:10,0.0000000000,400.0000000000,-,[],-,[],[],-,[],59,[],[],1.00,1.00,400.0000000000,513,[],2025-11-07T15:01:10,[],0.0000000000,DA DRI 1/10 2006,ADRIA,Agroalimentaire et Production,/fr/live-market/instruments/ADRIA
17896960,320f4a75-ac8e-4530-91a3-a17dda17e9f1,market_watch,AFI-690e0b3fe5a05,1,[],False,[],[],335.5500000000,32.0000000000,330.5000000000,2.0000000000,96486500.0000000000,331.0000000000,331.0000000000,-,331.0000000000,286.0000000000,94792.0000000000,2025-11-07T16:00:45,-3.9000000000,331.0000000000,-,336.0000000000,-,331.0000000000,2025-11-07T15:17:07,-,331.0000000000,59,336.0000000000,[],1.00,1.00,334.9000000000,385,12,2025-11-07T16:00:45,[],-1.1645267244,AFRIC INDUSTRIES SA,AFI,Bâtiment et Matériaux de Construction,/fr/live-market/instruments/AFI
17897007,3c328f9d-59a8-4efa-b324-f64c5b6a357a,market_watch,AFM-690e0b6896520,1,[],False,[],[],1335.0000000000,17.0000000000,1221.0000000000,1.0000000000,1335000000.0000000000,1335.0000000000,1335.0000000000,-,1335.0000000000,50.0000000000,66750.0000000000,2025-11-07T16:00:45,45.0000000000,1335.0000000000,-,1335.0000000000,-,1335.0000000000,2025-11-07T15:31:59,-,1335.0000000000,59,1335.0000000000,1335.0000000000,1.00,1.00,1290.0000000000,391,2,2025-11-07T16:00:45,3.4883720930,3.4883720930,AFMA,AFM,Assurances,/fr/live-market/instruments/AFM
17896986,33919c67-3e7a-4ce0-ae12-302bd254c4f9,market_watch,AGM-690e0b57bfe3d,1,[],True,[],[],6720.0000000000,2.0000000000,6313.0000000000,1.0000000000,1320000000.0000000000,6600.0000000000,6600.0000000000,-,6600.0000000000,[],[],2025-11-07T16:00:45,0.0000000000,6600.0000000000,-,[],-,[],[],-,[],59,[],[],1.00,1.00,6600.0000000000,491,[],2025-11-07T16:00:45,[],0.0000000000,AGMA,AGM,Assurances,/fr/live-market/instruments/AGM
17889050,f7ce451b-419a-4ffe-bf39-5a56ad0a1a00,market_watch,AIBCA-690df5346d9c4,1,[],False,[],[],[],[],[],[],16699440.0000000000,135.0000000000,80.0000000000,-,80.0000000000,[],[],2025-11-07T14:33:39,0.0000000000,80.0000000000,-,[],-,[],[],-,[],59,[],[],1.00,1.00,80.0000000000,505,[],2025-11-07T14:33:39,[],0.0000000000,DA IBC 1/1 2001,AIBCA,"Matériels, Logiciels et Services Informatiques",/fr/live-market/instruments/AIBCA
17897018,d80748e2-e63e-4de1-859d-46758b32a77a,market_watch,AKT-690e0b6f11b05,1,[],True,[],[],1406.0000000000,5.0000000000,1385.0000000000,10.0000000000,19681297730.0000000000,1390.0000000000,1390.0000000000,-,1390.0000000000,8282.0000000000,11590310.0000000000,2025-11-07T16:00:45,-21.0000000000,1390.0000000000,-,1427.0000000000,-,1390.0000000000,2025-11-07T15:39:09,-,1390.0000000000,59,1415.0000000000,1390.0000000000,1.00,1.00,1411.0000000000,305583,222,2025-11-07T16:00:45,-1.4883061658,-1.4883061658,AKDITAL,AKT,Santé,/fr/live-market/instruments/AKT
17896503,9452c2d0-99e4-4e17-8f2b-3679f49996fb,market_watch,ALHMA-690e08ba82cf2,1,[],False,[],[],[],[],[],[],24559981965.0000000000,5257.0000000000,5155.0000000000,-,5155.0000000000,[],[],2025-11-07T15:37:15,0.0000000000,5155.0000000000,-,[],-,[],[],-,[],59,[],[],1.00,1.00,5155.0000000000,461,[],2025-11-07T15:37:15,[],0.0000000000,DA LHM 8/3 2007,ALHMA,Bâtiment et Matériaux de Construction,/fr/live-market/instruments/ALHMA
17896961,b039b3bd-7cb4-4713-b770-00901e51dd10,market_watch,ALM-690e0b41064d8,1,[],False,[],[],1869.0000000000,1.0000000000,1820.0000000000,1.0000000000,869936118.0000000000,1867.0000000000,1867.0000000000,-,1867.0000000000,7.0000000000,12843.0000000000,2025-11-07T16:00:45,-3.0000000000,1867.0000000000,-,1867.0000000000,-,1867.0000000000,2025-11-07T13:46:37,-,1820.0000000000,59,1823.0000000000,[],1.00,1.00,1870.0000000000,490,4,2025-11-07T16:00:45,[],-0.1604278075,ALUMINIUM DU MAROC,ALM,Bâtiment et Matériaux de Construction,/fr/live-market/instruments/ALM
17890425,20cc117c-be4e-4a8c-b16b-513c9f2d5ba3,market_watch,AMLEA-690dfbe20c12f,1,[],False,[],[],95.5000000000,2.0000000000,[],[],95739532.0000000000,90.9000000000,90.0400000000,-,90.0400000000,[],[],2025-11-07T15:02:09,0.0000000000,90.0400000000,-,[],-,[],[],-,[],59,[],[],1.00,1.00,90.0400000000,435,[],2025-11-07T15:02:09,[],0.0000000000,DA MLE 1/4 1999,AMLEA,Sociétés de financement et Autres Activités Financières,/fr/live-market/instruments/AMLEA
17890426,2ae7dea1-c89f-49cf-a3e0-70c0be21d6ad,market_watch,ANEJA-690dfbe36f6ef,1,[],False,[],[],[],[],[],[],629850000.0000000000,300.2000000000,975.0000000000,-,975.0000000000,[],[],2025-11-07T15:02:09,0.0000000000,975.0000000000,-,[],-,[],[],-,[],59,[],[],1.00,1.00,975.0000000000,495,[],2025-11-07T15:02:09,[],0.0000000000,DA NEJ 1/5 2000,ANEJA,Distributeurs,/fr/live-market/instruments/ANEJA
17890562,fea0c528-a7bc-4fcb-b26a-309bcfec9472,market_watch,ANEJB-690dfc490aa87,1,[],False,[],[],[],[],[],[],377910000.0000000000,150.1000000000,487.5000000000,-,487.5000000000,[],[],2025-11-07T15:03:51,0.0000000000,487.5000000000,-,[],-,[],[],-,[],59,[],[],1.00,1.00,487.5000000000,496,[],2025-11-07T15:03:51,[],0.0000000000,DA NEJ 1/10 2006,ANEJB,Distributeurs,/fr/live-market/instruments/ANEJB
17890404,25a811b4-3aa1-43fd-b6f4-cc22ebe54c0f,market_watch,AOULA-690dfbaf64407,1,[],False,[],[],[],[],[],[],411300000.0000000000,3033.0000000000,2742.0000000000,-,2742.0000000000,[],[],2025-11-07T15:01:13,0.0000000000,2742.0000000000,-,[],-,[],[],-,[],59,[],[],1.00,1.00,2742.0000000000,480,[],2025-11-07T15:01:13,[],0.0000000000,DA OUL 7/3 1999,AOULA,Boissons,/fr/live-market/instruments/AOULA
17890390,39640817-6485-481e-b763-e178d6788327,market_watch,AOULB-690dfba2ca8d8,1,[],False,[],[],[],[],[],[],2585000000.0000000000,2600.0000000000,2350.0000000000,-,2350.0000000000,[],[],2025-11-07T15:01:06,0.0000000000,2350.0000000000,-,[],-,[],[],-,[],59,[],[],1.00,1.00,2350.0000000000,481,[],2025-11-07T15:01:06,[],0.0000000000,DA OUL 2/1 2006,AOULB,Boissons,/fr/live-market/instruments/AOULB
17897015,67154df5-8159-4abd-8136-b2c6fbd8b09f,market_watch,ARD-690e0b6cbc1bf,1,[],True,[],[],460.0000000000,209.0000000000,458.5000000000,74.0000000000,5781339800.0000000000,460.0000000000,460.0000000000,-,460.0000000000,118.0000000000,54211.2000000000,2025-11-07T16:00:45,0.0000000000,460.0000000000,-,460.0000000000,-,460.0000000000,2025-11-07T14:54:10,-,459.0000000000,59,460.0000000000,[],1.00,1.00,460.0000000000,437,14,2025-11-07T16:00:45,[],0.0000000000,ARADEI CAPITAL,ARD,Sociétés de placement immobilier,/fr/live-market/instruments/ARD
17890389,59451a62-680f-41b9-9152-fb3075984ee6,market_watch,AREBA-690dfb9cd69fe,1,[],False,[],[],[],[],[],[],14116520.0000000000,496.8000000000,440.0000000000,-,440.0000000000,[],[],2025-11-07T15:01:00,0.0000000000,440.0000000000,-,[],-,[],[],-,[],59,[],[],1.00,1.00,440.0000000000,483,[],2025-11-07T15:01:00,[],0.0000000000,DA REB 4/1 2001,AREBA,Mines,/fr/live-market/instruments/AREBA
17891611,fb3fd8a6-3b74-4098-b9a7-4759993b6291,market_watch,ASOTA-690dfefdda252,1,[],False,[],[],[],[],[],[],359800000.0000000000,360.0000000000,359.8000000000,-,359.8000000000,[],[],2025-11-07T15:15:23,0.0000000000,359.8000000000,-,[],-,[],[],-,[],59,[],[],1.00,1.00,359.8000000000,539,[],2025-11-07T15:15:23,[],0.0000000000,DA SOT 1/5 2005,ASOTA,Industrie Pharmaceutique,/fr/live-market/instruments/ASOTA
17896962,5d520a8b-b509-4dc2-ab75-fbb7bc43dd15,market_watch,ATH-690e0b41d66da,1,[],False,[],[],96.9500000000,30.0000000000,95.5000000000,19.0000000000,4827771742.7200000000,95.9900000000,95.9900000000,-,95.9900000000,920.0000000000,88393.1900000000,2025-11-07T16:00:45,0.4900000000,95.9900000000,-,96.9600000000,-,95.9900000000,2025-11-07T15:30:37,-,95.5000000000,59,96.9500000000,95.9900000000,1.00,1.00,95.5000000000,452,10,2025-11-07T16:00:45,0.5130890052,0.5130890052,AUTO HALL,ATH,Distributeurs,/fr/live-market/instruments/ATH
17896948,8de170d7-dae2-4d52-a6a5-5d49134b5858,market_watch,ATL-690e0b343b80f,1,[],False,[],[],154.9500000000,3.0000000000,149.0000000000,121.0000000000,9042539250.0000000000,150.0000000000,150.0000000000,-,150.0000000000,5077.0000000000,761685.0000000000,2025-11-07T16:00:45,-5.0000000000,150.0000000000,-,153.0000000000,-,150.0000000000,2025-11-07T15:39:55,-,150.0000000000,59,151.5000000000,150.0000000000,1.00,1.00,155.0000000000,365,19,2025-11-07T16:00:45,-3.2258064516,-3.2258064516,ATLANTASANAD,ATL,Assurances,/fr/live-market/instruments/ATL
17896949,21d5a295-65d3-4103-a2a6-da8373310aab,market_watch,ATW-690e0b352665b,1,[],False,[],[],779.0000000000,259.0000000000,765.0000000000,1000.0000000000,164797882674.0000000000,766.0000000000,766.0000000000,-,766.0000000000,37776.0000000000,29029808.8000000000,2025-11-07T16:00:45,-1.0000000000,766.0000000000,-,780.0000000000,-,766.0000000000,2025-11-07T15:38:35,-,760.0000000000,59,760.0000000000,766.0000000000,1.00,1.00,767.0000000000,511,92,2025-11-07T16:00:45,-0.1303780965,-0.1303780965,ATTIJARIWAFA BANK,ATW,Banques,/fr/live-market/instruments/ATW
17896987,29cf124b-ab21-4825-8662-7acfce77c6f9,market_watch,BAL-690e0b58aef06,1,[],True,[],[],250.0000000000,500.0000000000,230.0000000000,17.0000000000,402864000.0000000000,231.0000000000,231.0000000000,-,231.0000000000,3.0000000000,693.0000000000,2025-11-07T16:00:45,-5.0000000000,231.0000000000,-,231.0000000000,-,231.0000000000,2025-11-07T14:30:40,-,231.0000000000,59,231.0000000000,231.0000000000,1.00,1.00,236.0000000000,455,1,2025-11-07T16:00:45,-2.1186440678,-2.1186440678,BALIMA,BAL,Sociétés de placement immobilier,/fr/live-market/instruments/BAL
17896963,fe55f608-56eb-42a2-a5dd-c52fcc8ade50,market_watch,BCI-690e0b42b93e1,1,[],False,[],[],562.9000000000,2.0000000000,540.3000000000,30.0000000000,7210652298.0000000000,543.0000000000,543.0000000000,-,543.0000000000,2003.0000000000,1087688.7000000000,2025-11-07T16:00:45,-7.0000000000,543.0000000000,-,562.9000000000,-,543.0000000000,2025-11-07T15:31:24,-,543.0000000000,59,562.9000000000,543.0000000000,1.00,1.00,550.0000000000,476,2,2025-11-07T16:00:45,-1.2727272727,-1.2727272727,BMCI,BCI,Banques,/fr/live-market/instruments/BCI
17896950,e88455f5-2f4b-4a15-86f6-fd4e264f910f,market_watch,BCP-690e0b3617add,1,[],True,[],[],309.8000000000,17.0000000000,301.6000000000,5.0000000000,62823554157.0000000000,309.0000000000,309.0000000000,-,309.0000000000,13183.0000000000,4048257.8500000000,2025-11-07T16:00:45,0.0000000000,309.0000000000,-,310.0000000000,-,309.0000000000,2025-11-07T15:35:04,-,304.0000000000,59,309.9500000000,309.0000000000,1.00,1.00,309.0000000000,509,47,2025-11-07T16:00:45,0.0000000000,0.0000000000,BCP,BCP,Banques,/fr/live-market/instruments/BCP
17897013,60a433be-ff8b-41d2-b72b-c0807ce0d71f,market_watch,BOA-690e0b6be3afd,1,[],False,[],[],245.0000000000,30.0000000000,232.1000000000,88.0000000000,51766242035.0000000000,235.0000000000,235.0000000000,-,235.0000000000,17581.0000000000,4148962.1000000000,2025-11-07T16:00:45,-6.0000000000,235.0000000000,-,244.9500000000,-,235.0000000000,2025-11-07T15:33:21,-,235.0000000000,59,244.9500000000,235.0000000000,1.00,1.00,241.0000000000,373,36,2025-11-07T16:00:45,-2.4896265560,-2.4896265560,BANK OF AFRICA,BOA,Banques,/fr/live-market/instruments/BOA
17896988,f21ba8bc-25f6-40f6-9e33-1a8704404263,market_watch,CDM-690e0b5999b69,1,[],False,[],[],1025.0000000000,90.0000000000,1013.0000000000,40.0000000000,11153244350.0000000000,1025.0000000000,1025.0000000000,-,1025.0000000000,[],[],2025-11-07T16:00:45,0.0000000000,1025.0000000000,-,[],-,[],[],-,[],59,[],[],1.00,1.00,1025.0000000000,458,[],2025-11-07T16:00:45,[],0.0000000000,CDM,CDM,Banques,/fr/live-market/instruments/CDM
17897019,313e2588-ff1a-463a-9476-be9bf0c8420b,market_watch,CFG-690e0b6fe8f29,1,[],False,[],[],255.0000000000,80.0000000000,252.4500000000,150.0000000000,8923529004.0000000000,254.9000000000,254.9000000000,-,254.9000000000,1456.0000000000,368913.6000000000,2025-11-07T16:00:45,2.3000000000,254.9000000000,-,255.0000000000,-,254.9000000000,2025-11-07T14:19:01,-,252.3500000000,59,252.3500000000,[],1.00,1.00,252.6000000000,4439819,16,2025-11-07T16:00:45,[],0.9105304830,CFG BANK,CFG,Banques,/fr/live-market/instruments/CFG
17896951,be4bf6e2-af60-4e5e-908e-7258e636435b,market_watch,CIH-690e0b371643c,1,[],False,[],[],428.9000000000,280.0000000000,416.0000000000,20.0000000000,15253449321.6000000000,428.4000000000,428.4000000000,-,428.4000000000,1951.0000000000,825488.7000000000,2025-11-07T16:00:45,-0.5000000000,428.4000000000,-,428.7000000000,-,428.4000000000,2025-11-07T15:32:38,-,417.0000000000,59,417.0000000000,428.4000000000,1.00,1.00,428.9000000000,449,7,2025-11-07T16:00:45,-0.1165772907,-0.1165772907,CIH,CIH,Banques,/fr/live-market/instruments/CIH
17896964,8460a1ca-9bd5-4bee-a3c5-c7df3dcb71af,market_watch,CMA-690e0b437ebde,1,[],False,[],[],2039.0000000000,2.0000000000,1991.0000000000,30.0000000000,28872008000.0000000000,2000.0000000000,2000.0000000000,-,2000.0000000000,83.0000000000,166000.0000000000,2025-11-07T16:00:45,-47.0000000000,2000.0000000000,-,2000.0000000000,-,2000.0000000000,2025-11-07T15:36:35,-,2000.0000000000,59,2000.0000000000,2000.0000000000,1.00,1.00,2047.0000000000,464,3,2025-11-07T16:00:45,-2.2960429897,-2.2960429897,CIMENTS DU MAROC,CMA,Bâtiment et Matériaux de Construction,/fr/live-market/instruments/CMA
17897020,5fb472b8-99ec-4c72-84d0-ca979f7118fc,market_watch,CMG-690e0b70ca9b1,1,[],False,[],[],375.0000000000,486.0000000000,374.2000000000,70.0000000000,6375337500.0000000000,375.0000000000,375.0000000000,-,375.0000000000,2935.0000000000,1102750.4000000000,2025-11-07T16:00:45,-3.9000000000,375.0000000000,-,378.9000000000,-,375.0000000000,2025-11-07T15:35:14,-,375.0000000000,59,375.2000000000,[],1.00,1.00,378.9000000000,9540094,98,2025-11-07T16:00:45,[],-1.0292953286,CMGP GROUP,CMG,Industrie Agricole,/fr/live-market/instruments/CMG
17896965,a29effdd-e6f0-4a9c-b81e-6ad69debc420,market_watch,CMT-690e0b4460e58,1,[],False,[],[],1328.0000000000,3.0000000000,1800.0000000000,1.0000000000,3091787487.0000000000,1839.0000000000,1839.0000000000,-,1839.0000000000,6264.0000000000,11519496.0000000000,2025-11-07T16:00:45,-204.0000000000,1839.0000000000,-,1839.0000000000,-,1839.0000000000,2025-11-07T15:40:06,-,1839.0000000000,59,1839.0000000000,1839.0000000000,1.00,1.00,2043.0000000000,374,28,2025-11-07T16:00:45,-9.9853157122,-9.9853157122,MINIERE TOUISSIT,CMT,Mines,/fr/live-market/instruments/CMT
17896966,83ba2036-5e42-4877-984d-4b8181755374,market_watch,COL-690e0b45495f5,1,[],True,[],[],88.9600000000,125.0000000000,86.0000000000,45.0000000000,1418349768.0000000000,88.0000000000,88.0000000000,-,88.0000000000,20448.0000000000,1775806.0400000000,2025-11-07T16:00:45,1.5000000000,88.0000000000,-,89.0000000000,-,88.0000000000,2025-11-07T15:38:30,-,86.0000000000,59,86.5300000000,88.0000000000,1.00,1.00,86.5000000000,530,67,2025-11-07T16:00:45,1.7341040462,1.7341040462,COLORADO,COL,Bâtiment et Matériaux de Construction,/fr/live-market/instruments/COL
17896967,31c403fc-a0e9-4049-872d-42cb36ab7725,market_watch,CRS-690e0b46383d5,1,[],False,[],[],38.7700000000,578.0000000000,37.5100000000,500.0000000000,204176700.0000000000,38.7800000000,38.7800000000,-,38.7800000000,152.0000000000,5779.7800000000,2025-11-07T16:00:45,0.2300000000,38.7800000000,-,39.0000000000,-,38.7800000000,2025-11-07T15:04:12,-,38.0000000000,59,38.0000000000,[],1.00,1.00,38.5500000000,521,9,2025-11-07T16:00:45,[],0.5966277562,CARTIER SAADA,CRS,Agroalimentaire et Production,/fr/live-market/instruments/CRS
17896952,d6cd3da5-b8d8-43fe-8ae1-bfa86ecdfe37,market_watch,CSR-690e0b37eea9d,1,[],True,[],[],214.8000000000,170.0000000000,207.8000000000,10.0000000000,19842300030.0000000000,210.0000000000,210.0000000000,-,210.0000000000,8182.0000000000,1723156.7000000000,2025-11-07T16:00:45,0.0000000000,210.0000000000,-,216.0000000000,-,210.0000000000,2025-11-07T15:38:27,-,210.0000000000,59,216.0000000000,210.0000000000,1.00,1.00,210.0000000000,465,42,2025-11-07T16:00:45,0.0000000000,0.0000000000,COSUMAR,CSR,Agroalimentaire et Production,/fr/live-market/instruments/CSR
17896968,46804446-79a8-43af-a0b9-3eb3b7d0489a,market_watch,CTM-690e0b471871e,1,[],False,[],[],924.0000000000,40.0000000000,900.0000000000,2.0000000000,1125447804.0000000000,918.0000000000,918.0000000000,-,918.0000000000,100.0000000000,90222.1000000000,2025-11-07T16:00:45,15.0000000000,918.0000000000,-,919.0000000000,-,918.0000000000,2025-11-07T15:33:52,-,900.0000000000,59,901.2000000000,[],1.00,1.00,903.0000000000,428,15,2025-11-07T16:00:45,[],1.6611295681,CTM,CTM,Transport,/fr/live-market/instruments/CTM
17896953,ff31f376-3b41-4265-b3e0-2df8e21940ab,market_watch,DHO-690e0b38e0753,1,[],True,[],[],80.5000000000,2.0000000000,78.0100000000,100.0000000000,6850320000.0000000000,78.2000000000,78.2000000000,-,78.2000000000,11602.0000000000,912032.9700000000,2025-11-07T16:00:45,-1.7400000000,78.2000000000,-,80.2000000000,-,78.2000000000,2025-11-07T15:32:24,-,78.2000000000,59,79.0000000000,78.2000000000,1.00,1.00,79.9400000000,371,78,2025-11-07T16:00:45,-2.1766324744,-2.1766324744,DELTA HOLDING,DHO,Sociétés de Portefeuilles / Holdings,/fr/live-market/instruments/DHO
17865922,7013a1ce-f4b0-4bad-894f-a89f480f0dd5,market_watch,DIS-690da91a2dcac,1,[],False,[],[],[],[],[],[],27651855.0000000000,[],26.2500000000,-,26.2500000000,[],[],2025-11-07T08:10:00,0.0000000000,26.2500000000,-,[],-,[],[],-,[],59,[],[],1.00,1.00,26.2500000000,466,[],2025-11-07T08:10:00,[],0.0000000000,DIAC SALAF,DIS,Sociétés de financement et Autres Activités Financières,/fr/live-market/instruments/DIS
17865923,ce3bf8aa-0ecb-43a4-8fd5-3e1ebee0c66e,market_watch,DLM-690da91aad822,1,[],False,[],[],[],[],[],[],70000000.0000000000,[],40.0000000000,-,40.0000000000,[],[],2025-11-07T08:10:00,0.0000000000,40.0000000000,-,[],-,[],[],-,[],59,[],[],1.00,1.00,40.0000000000,370,[],2025-11-07T08:10:00,[],0.0000000000,DELATTRE LEVIVIER MAROC,DLM,Ingénieries et Biens d'Equipement Industriels,/fr/live-market/instruments/DLM
17896741,0f64ae05-f962-416b-a24d-0434f9c954e8,market_watch,DRI-690e0a08b95d2,1,[],False,[],[],[],[],3760.0000000000,2.0000000000,1193500000.0000000000,4000.0000000000,4000.0000000000,-,4000.0000000000,[],[],2025-11-07T15:40:00,0.0000000000,4000.0000000000,-,[],-,[],[],-,[],59,[],[],1.00,1.00,4000.0000000000,512,[],2025-11-07T15:40:00,[],0.0000000000,DARI COUSPATE,DRI,Agroalimentaire et Production,/fr/live-market/instruments/DRI
17897004,6b19faf2-3a9a-4a50-ac29-4bdf1cf2fca3,market_watch,DWY-690e0b6662463,1,[],False,[],[],905.0000000000,11.0000000000,880.0000000000,5.0000000000,1725472230.0000000000,915.0000000000,915.0000000000,-,915.0000000000,109.0000000000,96238.7000000000,2025-11-07T16:00:45,-4.0000000000,915.0000000000,-,917.9000000000,-,915.0000000000,2025-11-07T10:37:38,-,880.0000000000,59,880.0000000000,[],1.00,1.00,919.0000000000,536,5,2025-11-07T16:00:45,[],-0.4352557127,DISWAY,DWY,"Matériels, Logiciels et Services Informatiques",/fr/live-market/instruments/DWY
17897017,505181fb-da0d-49b5-a343-054e314532e7,market_watch,DYT-690e0b6e65b41,1,[],False,[],[],385.9500000000,4.0000000000,370.8000000000,5.0000000000,374291250.0000000000,375.0000000000,375.0000000000,-,375.0000000000,82.0000000000,30934.7000000000,2025-11-07T16:00:45,-2.0000000000,375.0000000000,-,386.0000000000,-,375.0000000000,2025-11-07T15:32:47,-,370.0500000000,59,370.0500000000,375.0000000000,1.00,1.00,377.0000000000,451,12,2025-11-07T16:00:45,-0.5305039788,-0.5305039788,DISTY TECHNOLOGIES,DYT,"Matériels, Logiciels et Services Informatiques",/fr/live-market/instruments/DYT
17896989,0a381a85-8013-4c88-bb01-443e0bb7475f,market_watch,EQD-690e0b5a62dad,1,[],False,[],[],1289.0000000000,500.0000000000,1215.0000000000,26.0000000000,2137920000.0000000000,1280.0000000000,1280.0000000000,-,1280.0000000000,6.0000000000,7386.0000000000,2025-11-07T16:00:45,30.0000000000,1280.0000000000,-,1280.0000000000,-,1280.0000000000,2025-11-07T15:08:47,-,1215.0000000000,59,1246.0000000000,[],1.00,1.00,1250.0000000000,430,3,2025-11-07T16:00:45,[],2.4000000000,EQDOM,EQD,Sociétés de financement et Autres Activités Financières,/fr/live-market/instruments/EQD
17896969,cacecba2-f404-4f12-bdb9-c14f52062e5a,market_watch,FBR-690e0b482f528,1,[],False,[],[],453.9500000000,12.0000000000,445.1000000000,75.0000000000,647398901.6000000000,449.9000000000,449.9000000000,-,449.9000000000,1418.0000000000,634312.0500000000,2025-11-07T16:00:45,-4.9500000000,449.9000000000,-,456.7500000000,-,449.9000000000,2025-11-07T15:40:12,-,445.0000000000,59,456.7500000000,449.9000000000,1.00,1.00,454.8500000000,532,72,2025-11-07T16:00:45,-1.0882708585,-1.0882708585,FENIE BROSSETTE,FBR,Distributeurs,/fr/live-market/instruments/FBR
17896990,fa5bd2b8-f984-4d97-811d-f05e879b2d6b,market_watch,GAZ-690e0b5b29c3a,1,[],True,[],[],4188.0000000000,1.0000000000,4090.0000000000,20.0000000000,14399687500.0000000000,4189.0000000000,4189.0000000000,-,4189.0000000000,1.0000000000,4189.0000000000,2025-11-07T16:00:45,-1.0000000000,4189.0000000000,-,4189.0000000000,-,4189.0000000000,2025-11-07T09:32:24,-,4189.0000000000,59,4189.0000000000,[],1.00,1.00,4190.0000000000,498,1,2025-11-07T16:00:45,[],-0.0238663484,AFRIQUIA GAZ,GAZ,Pétrole et Gaz,/fr/live-market/instruments/GAZ
17896970,35d660c0-f84b-48c8-9bf8-70f3c6d77008,market_watch,HPS-690e0b492e8bd,1,[],False,[],[],546.0000000000,5.0000000000,535.0000000000,39.0000000000,4036373550.0000000000,545.0000000000,545.0000000000,-,545.0000000000,15203.0000000000,8239507.3000000000,2025-11-07T16:00:45,3.0000000000,545.0000000000,-,546.0000000000,-,545.0000000000,2025-11-07T15:31:54,-,529.0000000000,59,529.0000000000,545.0000000000,1.00,1.00,542.0000000000,535,47,2025-11-07T16:00:45,0.5535055351,0.5535055351,HPS,HPS,"Matériels, Logiciels et Services Informatiques",/fr/live-market/instruments/HPS
17896954,454dcb60-e442-460d-8423-d99f0773ce41,market_watch,IAM-690e0b39e36a6,1,[],False,[],[],119.0000000000,500.0000000000,115.4000000000,30.0000000000,101931104673.0000000000,115.9500000000,115.9500000000,-,115.9500000000,132436.0000000000,15427130.4000000000,2025-11-07T16:00:45,-1.6500000000,115.9500000000,-,118.0000000000,-,115.9500000000,2025-11-07T15:40:08,-,115.9500000000,59,118.0000000000,115.9500000000,1.00,1.00,117.6000000000,510,240,2025-11-07T16:00:45,-1.4030612245,-1.4030612245,ITISSALAT AL-MAGHRIB,IAM,Télécommunications,/fr/live-market/instruments/IAM
17897006,d9bd46f3-cb47-447c-9950-3e625e8a5d47,market_watch,IBC-690e0b67d26ba,1,[],False,[],[],81.9900000000,560.0000000000,70.1000000000,350.0000000000,33398880.0000000000,80.0000000000,80.0000000000,-,80.0000000000,[],[],2025-11-07T16:00:45,0.0000000000,80.0000000000,-,[],-,[],[],-,[],59,[],[],1.00,1.00,80.0000000000,504,[],2025-11-07T16:00:45,[],0.0000000000,IB MAROC.COM,IBC,"Matériels, Logiciels et Services Informatiques",/fr/live-market/instruments/IBC
17897010,b55fe8ff-390c-4e01-b27f-9fdc29bc051d,market_watch,IMO-690e0b6aa00be,1,[],False,[],[],90.9000000000,208.0000000000,89.6400000000,200.0000000000,810359790.0000000000,89.9700000000,89.9700000000,-,89.9700000000,1329.0000000000,119593.9500000000,2025-11-07T16:00:45,-0.0300000000,89.9700000000,-,90.2000000000,-,89.9700000000,2025-11-07T15:32:17,-,89.8000000000,59,90.0000000000,89.9700000000,1.00,1.00,90.0000000000,388,27,2025-11-07T16:00:45,-0.0333333333,-0.0333333333,IMMORENTE INVEST,IMO,Sociétés de placement immobilier,/fr/live-market/instruments/IMO
17896971,97f4e22e-86e0-45ac-b571-cd0459b9da33,market_watch,INV-690e0b4a36097,1,[],False,[],[],241.9000000000,1.0000000000,233.8000000000,12.0000000000,90014803.2000000000,235.2000000000,235.2000000000,-,235.2000000000,2731.0000000000,646616.4000000000,2025-11-07T16:00:45,-9.8000000000,235.2000000000,-,246.0000000000,-,235.2000000000,2025-11-07T15:34:56,-,233.5500000000,59,246.0000000000,235.2000000000,1.00,1.00,245.0000000000,534,28,2025-11-07T16:00:45,-4.0000000000,-4.0000000000,INVOLYS,INV,"Matériels, Logiciels et Services Informatiques",/fr/live-market/instruments/INV
17896972,4521da36-433c-4fdb-ba18-3388e9c5dee1,market_watch,JET-690e0b4b1c5f2,1,[],False,[],[],2634.0000000000,3.0000000000,2580.0000000000,5.0000000000,7964613338.0000000000,2629.0000000000,2629.0000000000,-,2629.0000000000,1053.0000000000,2759840.0000000000,2025-11-07T16:00:45,-2.0000000000,2629.0000000000,-,2658.0000000000,-,2629.0000000000,2025-11-07T15:30:16,-,2590.0000000000,59,2658.0000000000,2629.0000000000,1.00,1.00,2631.0000000000,384,33,2025-11-07T16:00:45,-0.0760167237,-0.0760167237,JET CONTRACTORS,JET,Bâtiment et Matériaux de Construction,/fr/live-market/instruments/JET
17896973,1c569447-3394-4808-bae1-d79628dcf0fb,market_watch,LBV-690e0b4c0611a,1,[],False,[],[],4694.0000000000,10.0000000000,4566.0000000000,1.0000000000,13590022072.0000000000,4696.0000000000,4696.0000000000,-,4696.0000000000,19.0000000000,89106.0000000000,2025-11-07T16:00:45,107.0000000000,4696.0000000000,-,4698.0000000000,-,4696.0000000000,2025-11-07T10:17:02,-,4562.0000000000,59,4698.0000000000,[],1.00,1.00,4589.0000000000,377,3,2025-11-07T16:00:45,[],2.3316626716,LABEL VIE,LBV,Distributeurs,/fr/live-market/instruments/LBV
17896955,a1124811-b08c-4d0d-af3c-285f8dba7e4b,market_watch,LES-690e0b3ad4e61,1,[],False,[],[],299.3500000000,14.0000000000,290.0000000000,723.0000000000,8151295450.0000000000,295.0000000000,295.0000000000,-,295.0000000000,230.0000000000,67700.0000000000,2025-11-07T16:00:45,0.0000000000,295.0000000000,-,295.0000000000,-,295.0000000000,2025-11-07T15:31:13,-,290.0000000000,59,290.0000000000,295.0000000000,1.00,1.00,295.0000000000,474,2,2025-11-07T16:00:45,0.0000000000,0.0000000000,LESIEUR CRISTAL,LES,Agroalimentaire et Production,/fr/live-market/instruments/LES
17897009,f9b7a22a-4a53-4eeb-9aa9-0ba912c858b0,market_watch,LHM-690e0b69f2112,1,[],False,[],[],1960.0000000000,15.0000000000,1932.0000000000,5.0000000000,45292586920.0000000000,1933.0000000000,1933.0000000000,-,1933.0000000000,2855.0000000000,5520754.0000000000,2025-11-07T16:00:45,-31.0000000000,1933.0000000000,-,1959.0000000000,-,1933.0000000000,2025-11-07T15:37:15,-,1933.0000000000,59,1959.0000000000,1933.0000000000,1.00,1.00,1964.0000000000,460,21,2025-11-07T16:00:45,-1.5784114053,-1.5784114053,LAFARGEHOLCIM MAROC,LHM,Bâtiment et Matériaux de Construction,/fr/live-market/instruments/LHM
17896974,d4e1a738-93ae-4f08-96f9-f9b85a5a861e,market_watch,M2M-690e0b4ce4937,1,[],False,[],[],489.9000000000,7.0000000000,474.4000000000,1.0000000000,309054406.7000000000,477.1000000000,477.1000000000,-,477.1000000000,5.0000000000,2385.5000000000,2025-11-07T16:00:45,0.1000000000,477.1000000000,-,477.1000000000,-,477.1000000000,2025-11-07T14:46:55,-,477.1000000000,59,477.1000000000,[],1.00,1.00,477.0000000000,360,1,2025-11-07T16:00:45,[],0.0209643606,M2M Group,M2M,"Matériels, Logiciels et Services Informatiques",/fr/live-market/instruments/M2M
17896991,6d6b1291-cd3b-463d-981d-e76f575d8544,market_watch,MAB-690e0b5c075e5,1,[],False,[],[],949.9000000000,3.0000000000,916.1000000000,10.0000000000,1308051990.0000000000,945.0000000000,945.0000000000,-,945.0000000000,[],[],2025-11-07T16:00:45,0.0000000000,945.0000000000,-,[],-,[],[],-,[],59,[],[],1.00,1.00,945.0000000000,400,[],2025-11-07T16:00:45,[],0.0000000000,MAGHREBAIL,MAB,Sociétés de financement et Autres Activités Financières,/fr/live-market/instruments/MAB
17896956,b2a549a3-b944-480f-84a9-d6d0ae6cdff9,market_watch,MDP-690e0b3be0a12,1,[],False,[],[],31.9000000000,150.0000000000,30.2300000000,140.0000000000,144758483.9800000000,30.2600000000,30.2600000000,-,30.2600000000,2711.0000000000,82658.9300000000,2025-11-07T16:00:45,-0.3400000000,30.2600000000,-,31.8000000000,-,30.2600000000,2025-11-07T15:39:25,-,30.2000000000,59,31.8000000000,30.2600000000,1.00,1.00,30.6000000000,489,27,2025-11-07T16:00:45,-1.1111111111,-1.1111111111,MED PAPER,MDP,Sylviculture et Papier,/fr/live-market/instruments/MDP
17896975,eb1c17cf-d404-4133-b4c2-58cc65cb4644,market_watch,MIC-690e0b4db33ac,1,[],False,[],[],839.0000000000,7.0000000000,801.5000000000,2.0000000000,1409520000.0000000000,839.0000000000,839.0000000000,-,839.0000000000,140.0000000000,117547.6000000000,2025-11-07T16:00:45,34.0000000000,839.0000000000,-,840.1000000000,-,839.0000000000,2025-11-07T13:14:06,-,839.0000000000,59,839.5000000000,[],1.00,1.00,805.0000000000,368,10,2025-11-07T16:00:45,[],4.2236024845,MICRODATA,MIC,"Matériels, Logiciels et Services Informatiques",/fr/live-market/instruments/MIC
17896992,d91aacfc-a241-4646-aa83-29c9929bbe62,market_watch,MLE-690e0b5cccb14,1,[],False,[],[],382.0000000000,7.0000000000,357.0500000000,30.0000000000,1000052995.2000000000,360.1500000000,360.1500000000,-,360.1500000000,8.0000000000,2881.2000000000,2025-11-07T16:00:45,-21.8500000000,360.1500000000,-,360.1500000000,-,360.1500000000,2025-11-07T14:31:35,-,360.1500000000,59,360.1500000000,360.1500000000,1.00,1.00,382.0000000000,434,1,2025-11-07T16:00:45,-5.7198952880,-5.7198952880,MAROC LEASING,MLE,Sociétés de financement et Autres Activités Financières,/fr/live-market/instruments/MLE
17896976,0b1bae90-aa1f-4379-a2d7-24c96dbcbbdf,market_watch,MNG-690e0b4e974c2,1,[],True,[],[],6234.0000000000,6.0000000000,6000.0000000000,1.0000000000,73560991200.0000000000,6200.0000000000,6200.0000000000,-,6200.0000000000,1015.0000000000,6293508.0000000000,2025-11-07T16:00:45,0.0000000000,6200.0000000000,-,6235.0000000000,-,6200.0000000000,2025-11-07T15:32:29,-,6200.0000000000,59,6235.0000000000,6200.0000000000,1.00,1.00,6200.0000000000,500,6,2025-11-07T16:00:45,0.0000000000,0.0000000000,MANAGEM,MNG,Mines,/fr/live-market/instruments/MNG
17896993,1296311d-6b61-48b6-928c-39b31bcd6aad,market_watch,MOX-690e0b5d94290,1,[],False,[],[],420.0000000000,25.0000000000,403.0000000000,1.0000000000,329062500.0000000000,405.0000000000,405.0000000000,-,405.0000000000,1.0000000000,405.0000000000,2025-11-07T16:00:45,4.0000000000,405.0000000000,-,405.0000000000,-,405.0000000000,2025-11-07T09:31:16,-,405.0000000000,59,405.0000000000,[],1.00,1.00,401.0000000000,499,1,2025-11-07T16:00:45,[],0.9975062344,MAGHREB OXYGENE,MOX,Chimie,/fr/live-market/instruments/MOX
17897008,8cb00fda-9a51-4016-a558-3e14e1eda278,market_watch,MSA-690e0b694c40b,1,[],False,[],[],985.0000000000,69.0000000000,979.0000000000,12.0000000000,71920348440.0000000000,979.9000000000,979.9000000000,-,979.9000000000,12662.0000000000,12421959.0000000000,2025-11-07T16:00:45,-10.1000000000,979.9000000000,-,994.9000000000,-,979.9000000000,2025-11-07T15:40:52,-,979.9000000000,59,994.9000000000,979.9000000000,1.00,1.00,990.0000000000,392,61,2025-11-07T16:00:45,-1.0202020202,-1.0202020202,SODEP-Marsa Maroc,MSA,Services de transport,/fr/live-market/instruments/MSA
17897011,f29f934f-7bee-4403-90f8-1974909604bc,market_watch,MUT-690e0b6b4e696,1,[],False,[],[],271.0000000000,10.0000000000,270.0000000000,1400.0000000000,2532681264.3000000000,273.9000000000,273.9000000000,-,273.9000000000,6281.0000000000,1698229.8500000000,2025-11-07T16:00:45,-0.1000000000,273.9000000000,-,276.4000000000,-,273.9000000000,2025-11-07T15:15:55,-,270.0000000000,59,272.0500000000,[],1.00,1.00,274.0000000000,423,117,2025-11-07T16:00:45,[],-0.0364963504,MUTANDIS SCA,MUT,Agroalimentaire et Production,/fr/live-market/instruments/MUT
17896994,f4e6fe6a-d4f1-4740-85e8-979ebaaa0528,market_watch,NEJ-690e0b5e61b73,1,[],False,[],[],[],[],4561.0000000000,1.0000000000,4988412000.0000000000,4875.0000000000,4875.0000000000,-,4875.0000000000,1.0000000000,4875.0000000000,2025-11-07T16:00:45,275.0000000000,4875.0000000000,-,4875.0000000000,-,4875.0000000000,2025-11-07T14:30:33,-,4875.0000000000,59,4875.0000000000,4875.0000000000,1.00,1.00,4600.0000000000,494,1,2025-11-07T16:00:45,5.9782608696,5.9782608696,AUTO NEJMA,NEJ,Distributeurs,/fr/live-market/instruments/NEJ
17897005,6d732767-e569-4ab7-bf73-8278453ee7c3,market_watch,NKL-690e0b671657c,1,[],False,[],[],62.0000000000,1000.0000000000,59.2500000000,200.0000000000,1785000000.0000000000,59.5000000000,59.5000000000,-,59.5000000000,12877.0000000000,768976.3100000000,2025-11-07T16:00:45,0.2500000000,59.5000000000,-,61.5000000000,-,59.5000000000,2025-11-07T15:33:23,-,59.5000000000,59,60.0000000000,59.5000000000,1.00,1.00,59.2500000000,381,63,2025-11-07T16:00:45,0.4219409283,0.4219409283,ENNAKL,NKL,Distributeurs,/fr/live-market/instruments/NKL
17896744,05e5c8dd-3a0b-476a-b2d6-adeeeaab82b7,market_watch,OATWJ-690e0a0bd1a01,1,[],False,[],[],[],[],[],[],6469690.0000000000,100.1500000000,100.1500000000,-,100.1500000000,[],[],2025-11-07T15:40:00,0.0000000000,100.1500000000,-,[],-,[],[],-,[],59,[],[],1.00,1.00,100.1500000000,646,[],2025-11-07T15:40:00,[],0.0000000000,22DEC2015 4.52% 10A 100K ATW,OATWJ,Banques,/fr/live-market/instruments/OATWJ
17896750,5e383f6b-0d8f-4a13-b7f7-0c11a90851e4,market_watch,OATWM-690e0a126f86a,1,[],False,[],[],[],[],[],[],10037000.0000000000,100.3700000000,100.3700000000,-,100.3700000000,[],[],2025-11-07T15:40:00,0.0000000000,100.3700000000,-,[],-,[],[],-,[],59,[],[],1.00,1.00,100.3700000000,648,[],2025-11-07T15:40:00,[],0.0000000000,28JUN2016 3.74% 10A 100K ATW,OATWM,Banques,/fr/live-market/instruments/OATWM
17896763,a5f18e95-6979-453d-a23c-9702bcb1e647,market_watch,OBOAE-690e0a2001521,1,[],False,[],[],[],[],[],[],7919193.0000000000,100.3700000000,100.3700000000,-,100.3700000000,[],[],2025-11-07T15:40:00,0.0000000000,100.3700000000,-,[],-,[],[],-,[],59,[],[],1.00,1.00,100.3700000000,647,[],2025-11-07T15:40:00,[],0.0000000000,28JUN2016 3.74% 10A 100K BOA,OBOAE,Banques,/fr/live-market/instruments/OBOAE
17896747,04146cd7-f547-4bac-b12f-c2de19f56a45,market_watch,OCAMB-690e0a0f387ee,1,[],False,[],[],[],[],[],[],29017400.0000000000,100.0600000000,100.0600000000,-,100.0600000000,[],[],2025-11-07T15:40:00,0.0000000000,100.0600000000,-,[],-,[],[],-,[],59,[],[],1.00,1.00,100.0600000000,645,[],2025-11-07T15:40:00,[],0.0000000000,27NOV2015 4.80% 10A 100K CAM,OCAMB,Banques,/fr/live-market/instruments/OCAMB
17896751,40144b78-81ec-43a6-88a2-193088420800,market_watch,OCAMF-690e0a1361eb7,1,[],False,[],[],[],[],[],[],5047500.0000000000,100.9500000000,100.9500000000,-,100.9500000000,[],[],2025-11-07T15:40:00,0.0000000000,100.9500000000,-,[],-,[],[],-,[],59,[],[],1.00,1.00,100.9500000000,650,[],2025-11-07T15:40:00,[],0.0000000000,12OCT2016 4.43% 10A 100K CAM,OCAMF,Banques,/fr/live-market/instruments/OCAMF
17896759,d4f93e4a-7d60-4d35-8346-98762216af86,market_watch,OCAMG-690e0a1bbb50d,1,[],False,[],[],[],[],[],[],18021828.0000000000,102.6300000000,102.6300000000,-,102.6300000000,[],[],2025-11-07T15:40:00,0.0000000000,102.6300000000,-,[],-,[],[],-,[],59,[],[],1.00,1.00,102.6300000000,404,[],2025-11-07T15:40:00,[],0.0000000000,01NOV2018 4.10% 10A 100K CAM,OCAMG,Banques,/fr/live-market/instruments/OCAMG
17896754,b592ccf5-9e16-40fd-98fe-5e65e06bc8bf,market_watch,OCAMJ-690e0a16ce74f,1,[],False,[],[],[],[],[],[],20681597.0000000000,101.9300000000,101.9300000000,-,101.9300000000,[],[],2025-11-07T15:40:00,0.0000000000,101.9300000000,-,[],-,[],[],-,[],59,[],[],1.00,1.00,101.9300000000,493,[],2025-11-07T15:40:00,[],0.0000000000,11OCT2017 4.22% 10A 100K CAM,OCAMJ,Banques,/fr/live-market/instruments/OCAMJ
17896752,23a4e9ec-ac68-4b16-a329-cf82611e8874,market_watch,OCDMC-690e0a14a69b6,1,[],False,[],[],[],[],[],[],5548400.0000000000,100.8800000000,100.8800000000,-,100.8800000000,[],[],2025-11-07T15:40:00,0.0000000000,100.8800000000,-,[],-,[],[],-,[],59,[],[],1.00,1.00,100.8800000000,651,[],2025-11-07T15:40:00,[],0.0000000000,21DEC2016 3.93% 10A 100K CDM,OCDMC,Banques,/fr/live-market/instruments/OCDMC
17896760,303ff043-4de6-40a2-8f54-98da28968404,market_watch,OCDMD-690e0a1cbdeb5,1,[],False,[],[],[],[],[],[],20312875.0000000000,102.8500000000,102.8500000000,-,102.8500000000,[],[],2025-11-07T15:40:00,0.0000000000,102.8500000000,-,[],-,[],[],-,[],59,[],[],1.00,1.00,102.8500000000,408,[],2025-11-07T15:40:00,[],0.0000000000,17DEC2018 4.05% 10A 100K CDM,OCDMD,Banques,/fr/live-market/instruments/OCDMD
17896766,86891470-91e8-4954-b35c-9b3f7b3866ad,market_watch,OCFGC-690e0a237525d,1,[],False,[],[],[],[],[],[],1995200.0000000000,99.7600000000,99.7600000000,-,99.7600000000,[],[],2025-11-07T15:40:00,0.0000000000,99.7600000000,-,[],-,[],[],-,[],59,[],[],1.00,1.00,99.7600000000,447,[],2025-11-07T15:40:00,[],0.0000000000,23DEC2021 4.69% IND 100K CFG,OCFGC,Banques,/fr/live-market/instruments/OCFGC
17896757,ad9eae71-a88c-44e9-9adb-9ea7d98ec393,market_watch,OCIHC-690e0a19d26fa,1,[],False,[],[],[],[],[],[],8435112.0000000000,102.1200000000,102.1200000000,-,102.1200000000,[],[],2025-11-07T15:40:00,0.0000000000,102.1200000000,-,[],-,[],[],-,[],59,[],[],1.00,1.00,102.1200000000,393,[],2025-11-07T15:40:00,[],0.0000000000,18MAI2018 4.02% 10A 100K CIH,OCIHC,Banques,/fr/live-market/instruments/OCIHC
17896746,c5d6bd7f-56d7-4371-81dd-9e945be509ec,market_watch,OFECA-690e0a0e159c1,1,[],False,[],[],[],[],[],[],2026400.0000000000,101.3200000000,101.3200000000,-,101.3200000000,[],[],2025-11-07T15:40:00,0.0000000000,101.3200000000,-,[],-,[],[],-,[],59,[],[],1.00,1.00,101.3200000000,625,[],2025-11-07T15:40:00,[],0.0000000000,20JAN2012 5.30% 15A 100K FEC,OFECA,Services aux Collectivités,/fr/live-market/instruments/OFECA
17896745,e9e0765f-2965-4548-854e-ce009760a4a4,market_watch,OOCFC-690e0a0cf24f5,1,[],False,[],[],[],[],[],[],2700097.9000000000,101.2600000000,101.2600000000,-,101.2600000000,[],[],2025-11-07T15:40:00,0.0000000000,101.2600000000,-,[],-,[],[],-,[],59,[],[],1.00,1.00,101.2600000000,626,[],2025-11-07T15:40:00,[],0.0000000000,20OCT2011 5.11% 15A 100K OCF,OOCFC,Transport,/fr/live-market/instruments/OOCFC
17896753,5fcf7543-9b08-4d81-9be1-af07d63b29d7,market_watch,OOCPB-690e0a15bb1f6,1,[],False,[],[],[],[],[],[],55929864.0000000000,100.9200000000,100.9200000000,-,100.9200000000,[],[],2025-11-07T15:40:00,0.0000000000,100.9200000000,-,[],-,[],[],-,[],59,[],[],1.00,1.00,100.9200000000,407,[],2025-11-07T15:40:00,[],0.0000000000,23DEC2016 4.07% IND 100K OCP,OOCPB,Mines,/fr/live-market/instruments/OOCPB
17896755,d538babd-5e4f-4dac-90e9-e0b224b1203b,market_watch,OOCPC-690e0a17c137b,1,[],False,[],[],[],[],[],[],18691620.0000000000,102.1400000000,102.1400000000,-,102.1400000000,[],[],2025-11-07T15:40:00,0.0000000000,102.1400000000,-,[],-,[],[],-,[],59,[],[],1.00,1.00,102.1400000000,372,[],2025-11-07T15:40:00,[],0.0000000000,14MAI2018 4.03% IND 100K OCP,OOCPC,Mines,/fr/live-market/instruments/OOCPC
17896758,fe28e727-4dbe-4639-a688-064e2d1784ef,market_watch,OSOGD-690e0a1ac33a2,1,[],False,[],[],[],[],[],[],5164635.0000000000,102.2700000000,102.2700000000,-,102.2700000000,[],[],2025-11-07T15:40:00,0.0000000000,102.2700000000,-,[],-,[],[],-,[],59,[],[],1.00,1.00,102.2700000000,395,[],2025-11-07T15:40:00,[],0.0000000000,28JUN2018 4.00% 10A 100K SOG,OSOGD,Banques,/fr/live-market/instruments/OSOGD
17896995,12410105-0e82-4a7e-84ee-d6b540584014,market_watch,OUL-690e0b5f3d80a,1,[],False,[],[],1248.0000000000,5.0000000000,1176.0000000000,3.0000000000,2326500000.0000000000,1175.0000000000,1175.0000000000,-,1175.0000000000,[],[],2025-11-07T16:00:45,0.0000000000,1175.0000000000,-,[],-,[],[],-,[],59,[],[],1.00,1.00,1175.0000000000,479,[],2025-11-07T16:00:45,[],0.0000000000,OULMES,OUL,Boissons,/fr/live-market/instruments/OUL
17896996,29a073ae-6c3f-488d-b4e8-368cc5df3e0d,market_watch,PRO-690e0b60086a3,1,[],False,[],[],1449.0000000000,10.0000000000,[],[],1380000000.0000000000,1380.0000000000,1380.0000000000,-,1380.0000000000,1.0000000000,1380.0000000000,2025-11-07T16:00:45,-45.0000000000,1380.0000000000,-,1380.0000000000,-,1380.0000000000,2025-11-07T14:32:37,-,1380.0000000000,59,1380.0000000000,1380.0000000000,1.00,1.00,1425.0000000000,541,1,2025-11-07T16:00:45,-3.1578947368,-3.1578947368,PROMOPHARM S.A.,PRO,Industrie Pharmaceutique,/fr/live-market/instruments/PRO
17896957,37290195-1d42-4748-bf1a-7565160e40d2,market_watch,RDS-690e0b3d082e9,1,[],True,[],[],181.0000000000,16.0000000000,172.6500000000,40.0000000000,4560339900.0000000000,174.0000000000,174.0000000000,-,174.0000000000,72292.0000000000,12695885.1500000000,2025-11-07T16:00:45,-6.0000000000,174.0000000000,-,182.0000000000,-,174.0000000000,2025-11-07T15:40:30,-,172.5000000000,59,180.0000000000,174.0000000000,1.00,1.00,180.0000000000,389,395,2025-11-07T16:00:45,-3.3333333333,-3.3333333333,RESIDENCES DAR SAADA,RDS,Participation et promotion immobilières,/fr/live-market/instruments/RDS
17896997,4f63f640-5684-48a9-b912-4cf9406f57df,market_watch,REB-690e0b60c836c,1,[],False,[],[],114.0000000000,6.0000000000,107.8500000000,2.0000000000,19410160.0000000000,110.0000000000,110.0000000000,-,110.0000000000,61.0000000000,6710.0000000000,2025-11-07T16:00:45,2.1500000000,110.0000000000,-,110.0000000000,-,110.0000000000,2025-11-07T14:31:35,-,110.0000000000,59,110.0000000000,110.0000000000,1.00,1.00,107.8500000000,482,1,2025-11-07T16:00:45,1.9935095039,1.9935095039,REBAB COMPANY,REB,Mines,/fr/live-market/instruments/REB
17896977,14340c4b-1c08-4705-a7d9-e9e26aa1312a,market_watch,RIS-690e0b4f52fc5,1,[],False,[],[],419.9000000000,95.0000000000,390.4000000000,26.0000000000,6015885045.3000000000,419.9000000000,419.9000000000,-,419.9000000000,4232.0000000000,1770606.5000000000,2025-11-07T16:00:45,29.8500000000,419.9000000000,-,419.9000000000,-,419.9000000000,2025-11-07T15:31:33,-,390.2000000000,59,390.5000000000,419.9000000000,1.00,1.00,390.0500000000,515,12,2025-11-07T16:00:45,7.6528650173,7.6528650173,RISMA,RIS,Loisirs et Hôtels,/fr/live-market/instruments/RIS
17896978,2d387de2-3471-449e-a9ec-3de497a081d8,market_watch,S2M-690e0b503582c,1,[],False,[],[],610.0000000000,436.0000000000,599.1000000000,10.0000000000,495362700.0000000000,610.0000000000,610.0000000000,-,610.0000000000,521.0000000000,324008.2000000000,2025-11-07T16:00:45,-15.0000000000,610.0000000000,-,629.0000000000,-,610.0000000000,2025-11-07T15:36:35,-,610.0000000000,59,628.9000000000,[],1.00,1.00,625.0000000000,386,20,2025-11-07T16:00:45,[],-2.4000000000,S.M MONETIQUE,S2M,"Matériels, Logiciels et Services Informatiques",/fr/live-market/instruments/S2M
17896979,c088a595-542a-4b5a-9928-96a5108bd2b9,market_watch,SAH-690e0b510de06,1,[],False,[],[],1999.0000000000,2.0000000000,1922.0000000000,2.0000000000,8233748000.0000000000,2000.0000000000,2000.0000000000,-,2000.0000000000,3.0000000000,6000.0000000000,2025-11-07T16:00:45,0.0000000000,2000.0000000000,-,2000.0000000000,-,2000.0000000000,2025-11-07T09:31:10,-,2000.0000000000,59,2000.0000000000,[],1.00,1.00,2000.0000000000,382,1,2025-11-07T16:00:45,[],0.0000000000,SANLAM MAROC,SAH,Assurances,/fr/live-market/instruments/SAH
17865918,1707e5ad-0195-41c1-a694-1ae65cfd7eb8,market_watch,SAM-690da917eee26,1,[],False,[],[],[],[],[],[],1520777187.0000000000,[],127.8000000000,-,127.8000000000,[],[],2025-11-07T08:10:00,0.0000000000,127.8000000000,-,[],-,[],[],-,[],59,[],[],1.00,1.00,127.8000000000,492,[],2025-11-07T08:10:00,[],0.0000000000,SAMIR,SAM,Pétrole et Gaz,/fr/live-market/instruments/SAM
17896998,16a3799d-1066-4623-9b74-4f57fb80384a,market_watch,SBM-690e0b61b272f,1,[],False,[],[],2299.0000000000,354.0000000000,2202.0000000000,27.0000000000,6502542594.0000000000,2298.0000000000,2298.0000000000,-,2298.0000000000,[],[],2025-11-07T16:00:45,0.0000000000,2298.0000000000,-,[],-,[],[],-,[],59,[],[],1.00,1.00,2298.0000000000,409,[],2025-11-07T16:00:45,[],0.0000000000,SOCIETE DES BOISSONS DU MAROC,SBM,Boissons,/fr/live-market/instruments/SBM
17896980,ed259c8c-c26c-4d2e-892f-dce43643345f,market_watch,SID-690e0b52253cc,1,[],True,[],[],2498.0000000000,1.0000000000,2430.0000000000,5.0000000000,9508200000.0000000000,2438.0000000000,2438.0000000000,-,2438.0000000000,117.0000000000,285610.0000000000,2025-11-07T16:00:45,-62.0000000000,2438.0000000000,-,2500.0000000000,-,2438.0000000000,2025-11-07T15:30:38,-,2437.0000000000,59,2437.0000000000,2438.0000000000,1.00,1.00,2500.0000000000,394,11,2025-11-07T16:00:45,-2.4800000000,-2.4800000000,SONASID,SID,Bâtiment et Matériaux de Construction,/fr/live-market/instruments/SID
17896981,9bd17004-ea57-4676-8109-2897e36a99f6,market_watch,SLF-690e0b52f27b4,1,[],False,[],[],623.0000000000,18.0000000000,571.2000000000,40.0000000000,1796368425.0000000000,575.0000000000,575.0000000000,-,575.0000000000,1949.0000000000,1120675.0000000000,2025-11-07T16:00:45,-24.0000000000,575.0000000000,-,575.0000000000,-,575.0000000000,2025-11-07T14:32:38,-,575.0000000000,59,575.0000000000,575.0000000000,1.00,1.00,599.0000000000,369,1,2025-11-07T16:00:45,-4.0066777963,-4.0066777963,SALAFIN,SLF,Sociétés de financement et Autres Activités Financières,/fr/live-market/instruments/SLF
17896999,bcebc15e-54c9-4d88-ad8e-019930d85e59,market_watch,SMI-690e0b629fc43,1,[],False,[],[],2600.0000000000,6.0000000000,2561.0000000000,2.0000000000,4213075490.0000000000,2561.0000000000,2561.0000000000,-,2561.0000000000,145.0000000000,376947.0000000000,2025-11-07T16:00:45,-38.0000000000,2561.0000000000,-,2648.0000000000,-,2561.0000000000,2025-11-07T15:31:30,-,2561.0000000000,59,2600.0000000000,2561.0000000000,1.00,1.00,2599.0000000000,398,14,2025-11-07T16:00:45,-1.4621008080,-1.4621008080,SMI,SMI,Mines,/fr/live-market/instruments/SMI
17896982,99b2d1d2-a93f-4a8e-aa4e-bdbcd01b7268,market_watch,SNA-690e0b541ae8f,1,[],True,[],[],126.0000000000,335.0000000000,123.5000000000,50.0000000000,2187120540.0000000000,123.6000000000,123.6000000000,-,123.6000000000,10552.0000000000,1306969.6500000000,2025-11-07T16:00:45,0.0500000000,123.6000000000,-,125.9500000000,-,123.6000000000,2025-11-07T15:35:30,-,123.0000000000,59,125.9000000000,123.6000000000,1.00,1.00,123.5500000000,366,118,2025-11-07T16:00:45,0.0404694456,0.0404694456,STOKVIS NORD AFRIQUE,SNA,Distributeurs,/fr/live-market/instruments/SNA
17896983,bbdc835b-b150-43b8-bdc2-c32515afddc9,market_watch,SNP-690e0b551c7dc,1,[],False,[],[],553.0000000000,29.0000000000,530.2000000000,40.0000000000,1296000000.0000000000,540.0000000000,540.0000000000,-,540.0000000000,202.0000000000,108374.6000000000,2025-11-07T16:00:45,0.0000000000,540.0000000000,-,540.0000000000,-,540.0000000000,2025-11-07T14:38:26,-,530.0000000000,59,538.0000000000,[],1.00,1.00,540.0000000000,367,19,2025-11-07T16:00:45,[],0.0000000000,SNEP,SNP,Chimie,/fr/live-market/instruments/SNP
17897000,93d9be30-d795-49f6-b1e1-39eebe47989d,market_watch,SOT-690e0b635dcf3,1,[],False,[],[],1800.0000000000,464.0000000000,1776.0000000000,3.0000000000,12952800000.0000000000,1799.0000000000,1799.0000000000,-,1799.0000000000,60.0000000000,108062.0000000000,2025-11-07T16:00:45,-26.0000000000,1799.0000000000,-,1834.0000000000,-,1799.0000000000,2025-11-07T15:15:23,-,1776.0000000000,59,1777.0000000000,[],1.00,1.00,1825.0000000000,538,8,2025-11-07T16:00:45,[],-1.4246575342,SOTHEMA,SOT,Industrie Pharmaceutique,/fr/live-market/instruments/SOT
17897001,88abc706-1a3d-4aae-9d53-6a23cf21dc40,market_watch,SRM-690e0b6422b07,1,[],False,[],[],530.0000000000,5.0000000000,507.1000000000,200.0000000000,169600000.0000000000,530.0000000000,530.0000000000,-,530.0000000000,[],[],2025-11-07T16:00:45,0.0000000000,530.0000000000,-,[],-,[],[],-,[],59,[],[],1.00,1.00,530.0000000000,533,[],2025-11-07T16:00:45,[],0.0000000000,REALISATIONS MECANIQUES,SRM,Distributeurs,/fr/live-market/instruments/SRM
17896984,59a79c36-0bc4-40a0-8982-1ec662a7616a,market_watch,STR-690e0b55eab95,1,[],True,[],[],332.9500000000,182.0000000000,323.2000000000,178.0000000000,415630643.5000000000,332.9000000000,332.9000000000,-,332.9000000000,1337.0000000000,441500.1500000000,2025-11-07T16:00:45,2.9000000000,332.9000000000,-,334.9000000000,-,332.9000000000,2025-11-07T15:37:44,-,323.0000000000,59,333.0000000000,[],1.00,1.00,330.0000000000,383,69,2025-11-07T16:00:45,[],0.8787878788,STROC INDUSTRIE,STR,Ingénieries et Biens d'Equipement Industriels,/fr/live-market/instruments/STR
17897016,b087628c-1bca-4cd5-a060-f83070e7cbe7,market_watch,TGC-690e0b6d6ed09,1,[],False,[],[],946.0000000000,4.0000000000,937.1000000000,40.0000000000,32524523416.0000000000,938.0000000000,938.0000000000,-,938.0000000000,16628.0000000000,15624442.8000000000,2025-11-07T16:00:45,-11.0000000000,938.0000000000,-,950.0000000000,-,938.0000000000,2025-11-07T15:39:41,-,937.0000000000,59,940.0000000000,938.0000000000,1.00,1.00,949.0000000000,445,201,2025-11-07T16:00:45,-1.1591148577,-1.1591148577,TGCC S.A,TGC,Bâtiment et Matériaux de Construction,/fr/live-market/instruments/TGC
17896958,ade72ee2-2b6e-4bd2-b9d6-a84713130904,market_watch,TMA-690e0b3e3ac90,1,[],False,[],[],1877.0000000000,30.0000000000,1826.0000000000,1.0000000000,16576000000.0000000000,1850.0000000000,1850.0000000000,-,1850.0000000000,1004.0000000000,1857404.0000000000,2025-11-07T16:00:45,0.0000000000,1850.0000000000,-,1851.0000000000,-,1850.0000000000,2025-11-07T15:31:27,-,1850.0000000000,59,1851.0000000000,1850.0000000000,1.00,1.00,1850.0000000000,390,2,2025-11-07T16:00:45,0.0000000000,0.0000000000,TOTALENERGIES MARKETING MAROC,TMA,Pétrole et Gaz,/fr/live-market/instruments/TMA
17896959,692bd859-f48b-4b41-b255-9f6c11acf671,market_watch,TQM-690e0b3f15b4f,1,[],False,[],[],2495.0000000000,4.0000000000,2326.0000000000,10.0000000000,55433073700.0000000000,2350.0000000000,2350.0000000000,-,2350.0000000000,2164.0000000000,5099264.0000000000,2025-11-07T16:00:45,-30.0000000000,2350.0000000000,-,2469.0000000000,-,2350.0000000000,2025-11-07T15:40:35,-,2350.0000000000,59,2390.0000000000,2350.0000000000,1.00,1.00,2380.0000000000,387,35,2025-11-07T16:00:45,-1.2605042017,-1.2605042017,TAQA MOROCCO,TQM,Electricité,/fr/live-market/instruments/TQM
17897002,ae7aefe5-082e-4be1-a5fb-4db84d717e28,market_watch,UMR-690e0b64d445d,1,[],False,[],[],160.0000000000,2992.0000000000,159.0000000000,1.0000000000,1826220800.0000000000,160.0000000000,160.0000000000,-,160.0000000000,[],[],2025-11-07T16:00:45,0.0000000000,160.0000000000,-,[],-,[],[],-,[],59,[],[],1.00,1.00,160.0000000000,503,[],2025-11-07T16:00:45,[],0.0000000000,UNIMER,UMR,Agroalimentaire et Production,/fr/live-market/instruments/UMR
17897021,d0b510e9-9c54-4ac5-a4aa-170572847585,market_watch,VCN-690e0b71ad836,1,[],False,[],[],508.0000000000,39.0000000000,497.5000000000,37.0000000000,5108907300.0000000000,498.0000000000,498.0000000000,-,498.0000000000,10907.0000000000,5476135.5000000000,2025-11-07T16:00:45,-11.7000000000,498.0000000000,-,510.0000000000,-,498.0000000000,2025-11-07T15:37:25,-,498.0000000000,59,510.0000000000,498.0000000000,1.00,1.00,509.7000000000,14453760,260,2025-11-07T16:00:45,-2.2954679223,-2.2954679223,VICENNE,VCN,Santé,/fr/live-market/instruments/VCN
17896985,1665c54a-f185-43e6-bf81-72592e7a3040,market_watch,WAA-690e0b56dfb1f,1,[],False,[],[],5250.0000000000,96.0000000000,4950.0000000000,60.0000000000,18182500000.0000000000,5195.0000000000,5195.0000000000,-,5195.0000000000,150.0000000000,779250.0000000000,2025-11-07T16:00:45,0.0000000000,5195.0000000000,-,5195.0000000000,-,5195.0000000000,2025-11-07T15:32:06,-,5195.0000000000,59,5195.0000000000,5195.0000000000,1.00,1.00,5195.0000000000,488,1,2025-11-07T16:00:45,0.0000000000,0.0000000000,WAFA ASSURANCE,WAA,Assurances,/fr/live-market/instruments/WAA
17897003,1308e345-45c7-413a-9a96-3ef4cabf852b,market_watch,ZDJ-690e0b65b2525,1,[],False,[],[],263.0000000000,10.0000000000,210.0000000000,50.0000000000,122589686.0000000000,214.0000000000,214.0000000000,-,214.0000000000,[],[],2025-11-07T16:00:45,0.0000000000,214.0000000000,-,[],-,[],[],-,[],59,[],[],1.00,1.00,214.0000000000,485,[],2025-11-07T16:00:45,[],0.0000000000,ZELLIDJA S.A,ZDJ,Sociétés de Portefeuilles / Holdings,/fr/live-market/instruments/ZDJ
